text,label,label_numeric
Artificial intelligence systems are now deployed in hospitals to assist with medical imaging analysis.,neutral,-1
"Deep learning models detect tumors, classify diseases, and recommend treatments.",neutral,-1
Researchers carefully evaluate bias in healthcare datasets to avoid unequal outcomes.,neutral,-1
Climate scientists use machine learning to model temperature projections and extreme weather patterns.,neutral,-1
Neural networks help simulate atmospheric dynamics and estimate carbon emissions.,neutral,-1
Statistical models remain important for uncertainty quantification.,neutral,-1
"Natural language processing enables chatbots, translation systems, and document summarization.",neutral,-1
Word embeddings capture semantic similarity between terms based on context.,neutral,-1
Large language models generate responses by predicting tokens sequentially.,neutral,-1
Energy grid optimization increasingly relies on graph neural networks.,neutral,-1
Power flow estimation benefits from learned representations rather than handcrafted features.,neutral,-1
Data sparsity and missing sensor readings remain practical challenges.,neutral,-1
"Ethical concerns in AI include privacy, fairness, accountability, and transparency.",neutral,-1
Governments propose regulatory frameworks for responsible AI deployment.,neutral,-1
Model interpretability is critical in high‑risk decision systems.,neutral,-1
"Robotics integrates perception, planning, and control.",neutral,-1
Reinforcement learning allows agents to learn from interaction.,neutral,-1
Simulation environments accelerate training before real‑world deployment.,neutral,-1
Artificial intelligence systems are now deployed in hospitals to assist with medical imaging analysis.,neutral,-1
"Deep learning models detect tumors, classify diseases, and recommend treatments.",neutral,-1
Researchers carefully evaluate bias in healthcare datasets to avoid unequal outcomes.,neutral,-1
Climate scientists use machine learning to model temperature projections and extreme weather patterns.,neutral,-1
Neural networks help simulate atmospheric dynamics and estimate carbon emissions.,neutral,-1
Statistical models remain important for uncertainty quantification.,neutral,-1
"Natural language processing enables chatbots, translation systems, and document summarization.",neutral,-1
Word embeddings capture semantic similarity between terms based on context.,neutral,-1
Large language models generate responses by predicting tokens sequentially.,neutral,-1
Energy grid optimization increasingly relies on graph neural networks.,neutral,-1
Power flow estimation benefits from learned representations rather than handcrafted features.,neutral,-1
Data sparsity and missing sensor readings remain practical challenges.,neutral,-1
"Ethical concerns in AI include privacy, fairness, accountability, and transparency.",neutral,-1
Governments propose regulatory frameworks for responsible AI deployment.,neutral,-1
Model interpretability is critical in high‑risk decision systems.,neutral,-1
"Robotics integrates perception, planning, and control.",neutral,-1
Reinforcement learning allows agents to learn from interaction.,neutral,-1
Simulation environments accelerate training before real‑world deployment.,neutral,-1
Artificial intelligence systems are now deployed in hospitals to assist with medical imaging analysis.,neutral,-1
"Deep learning models detect tumors, classify diseases, and recommend treatments.",neutral,-1
Researchers carefully evaluate bias in healthcare datasets to avoid unequal outcomes.,neutral,-1
Climate scientists use machine learning to model temperature projections and extreme weather patterns.,neutral,-1
Neural networks help simulate atmospheric dynamics and estimate carbon emissions.,neutral,-1
Statistical models remain important for uncertainty quantification.,neutral,-1
"Natural language processing enables chatbots, translation systems, and document summarization.",neutral,-1
Word embeddings capture semantic similarity between terms based on context.,neutral,-1
Large language models generate responses by predicting tokens sequentially.,neutral,-1
Energy grid optimization increasingly relies on graph neural networks.,neutral,-1
Power flow estimation benefits from learned representations rather than handcrafted features.,neutral,-1
Data sparsity and missing sensor readings remain practical challenges.,neutral,-1
"Ethical concerns in AI include privacy, fairness, accountability, and transparency.",neutral,-1
Governments propose regulatory frameworks for responsible AI deployment.,neutral,-1
Model interpretability is critical in high‑risk decision systems.,neutral,-1
"Robotics integrates perception, planning, and control.",neutral,-1
Reinforcement learning allows agents to learn from interaction.,neutral,-1
Simulation environments accelerate training before real‑world deployment.,neutral,-1
Artificial intelligence systems are now deployed in hospitals to assist with medical imaging analysis.,neutral,-1
"Deep learning models detect tumors, classify diseases, and recommend treatments.",neutral,-1
Researchers carefully evaluate bias in healthcare datasets to avoid unequal outcomes.,neutral,-1
Climate scientists use machine learning to model temperature projections and extreme weather patterns.,neutral,-1
Neural networks help simulate atmospheric dynamics and estimate carbon emissions.,neutral,-1
Statistical models remain important for uncertainty quantification.,neutral,-1
"Natural language processing enables chatbots, translation systems, and document summarization.",neutral,-1
Word embeddings capture semantic similarity between terms based on context.,neutral,-1
Large language models generate responses by predicting tokens sequentially.,neutral,-1
Energy grid optimization increasingly relies on graph neural networks.,neutral,-1
Power flow estimation benefits from learned representations rather than handcrafted features.,neutral,-1
Data sparsity and missing sensor readings remain practical challenges.,neutral,-1
"Ethical concerns in AI include privacy, fairness, accountability, and transparency.",neutral,-1
Governments propose regulatory frameworks for responsible AI deployment.,neutral,-1
Model interpretability is critical in high‑risk decision systems.,neutral,-1
"Robotics integrates perception, planning, and control.",neutral,-1
Reinforcement learning allows agents to learn from interaction.,neutral,-1
Simulation environments accelerate training before real‑world deployment.,neutral,-1
Artificial intelligence systems are now deployed in hospitals to assist with medical imaging analysis.,neutral,-1
"Deep learning models detect tumors, classify diseases, and recommend treatments.",neutral,-1
Researchers carefully evaluate bias in healthcare datasets to avoid unequal outcomes.,neutral,-1
Climate scientists use machine learning to model temperature projections and extreme weather patterns.,neutral,-1
Neural networks help simulate atmospheric dynamics and estimate carbon emissions.,neutral,-1
Statistical models remain important for uncertainty quantification.,neutral,-1
"Natural language processing enables chatbots, translation systems, and document summarization.",neutral,-1
Word embeddings capture semantic similarity between terms based on context.,neutral,-1
Large language models generate responses by predicting tokens sequentially.,neutral,-1
Energy grid optimization increasingly relies on graph neural networks.,neutral,-1
Power flow estimation benefits from learned representations rather than handcrafted features.,neutral,-1
Data sparsity and missing sensor readings remain practical challenges.,neutral,-1
"Ethical concerns in AI include privacy, fairness, accountability, and transparency.",neutral,-1
Governments propose regulatory frameworks for responsible AI deployment.,neutral,-1
Model interpretability is critical in high‑risk decision systems.,neutral,-1
"Robotics integrates perception, planning, and control.",neutral,-1
Reinforcement learning allows agents to learn from interaction.,neutral,-1
Simulation environments accelerate training before real‑world deployment.,neutral,-1
Artificial intelligence systems are now deployed in hospitals to assist with medical imaging analysis.,neutral,-1
"Deep learning models detect tumors, classify diseases, and recommend treatments.",neutral,-1
Researchers carefully evaluate bias in healthcare datasets to avoid unequal outcomes.,neutral,-1
Climate scientists use machine learning to model temperature projections and extreme weather patterns.,neutral,-1
Neural networks help simulate atmospheric dynamics and estimate carbon emissions.,neutral,-1
Statistical models remain important for uncertainty quantification.,neutral,-1
"Natural language processing enables chatbots, translation systems, and document summarization.",neutral,-1
Word embeddings capture semantic similarity between terms based on context.,neutral,-1
Large language models generate responses by predicting tokens sequentially.,neutral,-1
Energy grid optimization increasingly relies on graph neural networks.,neutral,-1
Power flow estimation benefits from learned representations rather than handcrafted features.,neutral,-1
Data sparsity and missing sensor readings remain practical challenges.,neutral,-1
"Ethical concerns in AI include privacy, fairness, accountability, and transparency.",neutral,-1
Governments propose regulatory frameworks for responsible AI deployment.,neutral,-1
Model interpretability is critical in high‑risk decision systems.,neutral,-1
"Robotics integrates perception, planning, and control.",neutral,-1
Reinforcement learning allows agents to learn from interaction.,neutral,-1
Simulation environments accelerate training before real‑world deployment.,neutral,-1
Artificial intelligence systems are now deployed in hospitals to assist with medical imaging analysis.,neutral,-1
"Deep learning models detect tumors, classify diseases, and recommend treatments.",neutral,-1
Researchers carefully evaluate bias in healthcare datasets to avoid unequal outcomes.,neutral,-1
Climate scientists use machine learning to model temperature projections and extreme weather patterns.,neutral,-1
Neural networks help simulate atmospheric dynamics and estimate carbon emissions.,neutral,-1
Statistical models remain important for uncertainty quantification.,neutral,-1
"Natural language processing enables chatbots, translation systems, and document summarization.",neutral,-1
Word embeddings capture semantic similarity between terms based on context.,neutral,-1
Large language models generate responses by predicting tokens sequentially.,neutral,-1
Energy grid optimization increasingly relies on graph neural networks.,neutral,-1
Power flow estimation benefits from learned representations rather than handcrafted features.,neutral,-1
Data sparsity and missing sensor readings remain practical challenges.,neutral,-1
"Ethical concerns in AI include privacy, fairness, accountability, and transparency.",neutral,-1
Governments propose regulatory frameworks for responsible AI deployment.,neutral,-1
Model interpretability is critical in high‑risk decision systems.,neutral,-1
"Robotics integrates perception, planning, and control.",neutral,-1
Reinforcement learning allows agents to learn from interaction.,neutral,-1
Simulation environments accelerate training before real‑world deployment.,neutral,-1
Artificial intelligence systems are now deployed in hospitals to assist with medical imaging analysis.,neutral,-1
"Deep learning models detect tumors, classify diseases, and recommend treatments.",neutral,-1
Researchers carefully evaluate bias in healthcare datasets to avoid unequal outcomes.,neutral,-1
Climate scientists use machine learning to model temperature projections and extreme weather patterns.,neutral,-1
Neural networks help simulate atmospheric dynamics and estimate carbon emissions.,neutral,-1
Statistical models remain important for uncertainty quantification.,neutral,-1
"Natural language processing enables chatbots, translation systems, and document summarization.",neutral,-1
Word embeddings capture semantic similarity between terms based on context.,neutral,-1
Large language models generate responses by predicting tokens sequentially.,neutral,-1
Energy grid optimization increasingly relies on graph neural networks.,neutral,-1
Power flow estimation benefits from learned representations rather than handcrafted features.,neutral,-1
Data sparsity and missing sensor readings remain practical challenges.,neutral,-1
"Ethical concerns in AI include privacy, fairness, accountability, and transparency.",neutral,-1
Governments propose regulatory frameworks for responsible AI deployment.,neutral,-1
Model interpretability is critical in high‑risk decision systems.,neutral,-1
"Robotics integrates perception, planning, and control.",neutral,-1
Reinforcement learning allows agents to learn from interaction.,neutral,-1
Simulation environments accelerate training before real‑world deployment.,neutral,-1
